<?xml version="1.0" encoding="UTF-8" ?>
<module>
	<name>cardgate</name>
	<displayName><![CDATA[CardGate Bank algemeen]]></displayName>
	<version><![CDATA[1.6.19]]></version>
	<description><![CDATA[CardGate Bank basis module]]></description>
	<author><![CDATA[CardGate]]></author>
	<tab><![CDATA[payments_gateways]]></tab>
	<confirmUninstall><![CDATA[Weet u zeker dat u de CardGate module wilt de-installeren?]]></confirmUninstall>
	<is_configurable>1</is_configurable>
	<need_instance>1</need_instance>
	<limited_countries></limited_countries>
</module>